Question,Answer

# ==================== SHARED INFORMATION (for both villas) ====================

Address?,"Contrada Calafarina SNC, Marzamemi (SR) 96018, Italy, Borgo84"
Complex/Building name?,
Airports?,"Comiso Airport: 82 km, Catania Airport: 100 km."
Check-in time?,From 3:00 PM to 12:00 AM. Please notify in advance.
Check-out time?,From 12:00 AM to 11:00 AM.
Cancellation policy?,Varies depending on booking type. Check terms before booking.
Children allowed?,"Yes, all children are welcome. Enter correct number/age during booking."
Smoking allowed?,Smoking is not allowed.
Pets allowed?,No
House rules?,No age restrictions for check-in. Follow property guidelines for a peaceful stay.
WhatsApp contact?,+393495780944
Email contact?,borgo84reservation@gmail.com
Owner name?,Lanzani Gabriele
Languages spoken?,"English, Italian."

Shared amenities - Pools?,"2 outdoor pools (infinity pool with sea view, hot tub, children's pool), non-smoking rooms, free private parking, family rooms."
Shared amenities - Parking?,"Free private parking on-site, no reservation needed."
Shared amenities - Gym/Wellness?,"Hot tub (hydrotherapy pool), outdoor gym, sun loungers, umbrellas, padel court, beach volleyball court"
Shared or private pools?,"The pools are shared among all village guests. The house is located in a newly built village and all guests have access to the common pool."
Fenced for dogs?,"Yes, the entire village is fenced and enclosed. Although there are no fences dividing individual apartments within the village, the entire area is surrounded by a perimeter fence, making it safe for dogs."

Nearest supermarket?,"The nearest recommended supermarket is 3-4 km away. Public transportation to Marzamemi and Pachino is limited, so a car is recommended for convenience."
Recommended restaurants?,"La Cialoma, located in the center of Marzamemi, and Ristorante Scala in Portopalo are highly recommended for authentic Sicilian cuisine."
Distance from cities?,"Marzamemi is 50 km from Syracuse, 107 km from Catania, 61 km from Ragusa"

Emergency contacts?,"For urgent assistance:
- WhatsApp: +393495780944
- Email: borgo84reservation@gmail.com
Please contact immediately in case of repeated blackouts or other emergencies.

In case of power outage:
1. In the electrical panel inside the house, near the entrance door, you'll find a key that allows you to open the external column compartment, located along the pedestrian path, where the main circuit breaker with the apartment name is located.
2. Check which appliances were running before the blackout
3. Disconnect high-consumption appliances (air conditioner, oven, etc.)
4. Reset the main circuit breaker
5. Gradually reconnect appliances one at a time

IMPORTANT: The power limit in Italy is 4kW. Avoid using air conditioners, washing machine, and oven simultaneously."
Booking platforms?,"The property is available on:
- Airbnb
- Booking.com"
Flexible check-in?,"Yes, check-in time is flexible. Just inform the host in advance about your expected arrival time."

Reception/Invoice?,Invoice available upon request.
Cleaning service available?,"Yes, a cleaning service is available."
Cleaning service cost?,"€60 for basic cleaning, or €90 for cleaning or complete linen change. Service can be arranged with one day's notice."
Cleaning equipment?,"The house has basic cleaning equipment, including broom and mop."

Nearby activities?,"Beach nearby, 2 pools (infinity pool with sea view, hot tub, children's pool), outdoor gym, bike path, beach volleyball court and padel court."


# ==================== VILLA ZEFIRO ====================

Villa Zefiro - Maximum capacity?,6
Villa Zefiro - Size (sqm)?,68
Villa Zefiro - Number of bedrooms?,2
Villa Zefiro - Number of bathrooms?,2
Villa Zefiro - Bed configuration?,2 double beds and 2 sofa beds
Villa Zefiro - Airbnb description?,"Villa Zefiro: Welcome to this oasis of serenity, a perfect retreat for a romantic getaway, family vacation, or groups of friends. Cozy and comfortable house with Sicilian charm featuring a panoramic sea terrace and view of Isola di Capo Passero. Just a few meters from the beach, we offer free parking, wifi to stay always connected, two pools to cool off during hot summer days, fitness area and padel court."
Villa Zefiro - Booking.com description?,"Villa Zefiro and Villa i 2 Mari is located in Marzamemi, 500 meters from Spiaggia del Cavettone and 17 km from Oasi Naturale di Vendicari. It offers air-conditioned accommodation with free WiFi, a seasonal outdoor pool and a garden. Private parking is available on-site. This holiday home features a balcony, sea view, seating area, flat-screen TV, kitchen with refrigerator and private bathroom with bidet and hairdryer. Amenities also include a microwave and coffee machine. As guests at Villa Zefiro and Villa i 2 Mari you will have a terrace at your disposal. Noto Cathedral is 24 km from this property. Comiso Airport is 76 km from the property."
Villa Zefiro - Guest rating?,
Villa Zefiro - License number?,CIN IT089014C2UQOJ4V79

Villa Zefiro - Equipped kitchen?,Yes
Villa Zefiro - Bedroom details?,
Villa Zefiro - Bathroom details?,
Villa Zefiro - Living room details?,
Villa Zefiro - Entertainment (TV)?,Yes

Villa Zefiro - Dishwasher?,No
Villa Zefiro - Washing machine?,Yes
Villa Zefiro - Dryer?,No
Villa Zefiro - Microwave?,Yes
Villa Zefiro - Stove type?,Electric
Villa Zefiro - Refrigerator?,Yes
Villa Zefiro - Coffee maker?,Moka pot

Villa Zefiro - Extra beds available?,No
Villa Zefiro - Accessibility features?,First floor
Villa Zefiro - Private outdoor space?,Terrace
Villa Zefiro - View?,"Yes, sea view"
Villa Zefiro - Special features?,
Villa Zefiro - Color theme/decoration?,

Villa Zefiro - Airbnb link?,https://www.airbnb.it/rooms/1558634550299608683?guests=1&adults=1&s=67&unique_share_id=f52ec99e-3005-41b5-8eb4-d4ebd0e5255b
Villa Zefiro - Booking.com link?,https://www.booking.com/hotel/it/villa-zefiro-marzamemi.html?ssne=Marzamemi&ssne_untouched=Marzamemi&highlighted_hotels=15338823&ss=Marzamemi&dest_id=-121241&dest_type=city&hp_avform=1&origin=hp&do_availability_check=1&label=marzamemi-iYieHmXmkgudokDqT3YEvgS379606522221%3Apl%3Ata%3Ap1%3Ap2%3Aac%3Aap%3Aneg%3Afi%3Atikwd-394175696631%3Alp9198750%3Ali%3Adec%3Adm%3Appccp%3DUmFuZG9tSVYkc2RlIyh9YZVcNNsENnH0Cye0voMfmCQ&sid=33537fce63a408fa48120d803952d708&aid=1610681&lang=it&sb=1&src_elem=sb&src=hotel&checkin=2026-06-05&checkout=2026-06-12&group_adults=6&no_rooms=2&group_children=0&chal_t=1770139508198&force_referer=https%3A%2F%2Fwww.booking.com%2Fhotel%2Fit%2Fvilla-zefiro-marzamemi.it.html%3Faid%3D1610681%26label%3Dmarzamemi-iYieHmXmkgudokDqT3YEvgS379606522221%253Apl%253Ata%253Ap1%253Ap2%253Aac%253Aap%253Aneg%253Afi%253Atikwd-394175696631%253Alp9198750%253Ali%253Adec%253Adm%253Appccp%253DUmFuZG9tSVYkc2RlIyh9YZVcNNsENnH0Cye0voMfmCQ%26sid%3D33537fce63a408fa48120d803952d708%26all_sr_blocks%3D1533882301_424904225_0_0_0%26checkin%3D2026-06-03%26checkout%3D2026-06-10%26dest_id%3D-121241%26dest_type%3Dcity%26dist%3D0%26group_adults%3D6%26group_children%3D0%26hapos%3D37%26highlighted_blocks%3D1533882301_424904225_0_0_0%26hpos%3D12%26matching_block_id%3D1533882301_424904225_0_0_0%26no_rooms%3D2%26req_adults%3D6%26req_children%3D0%26room1%3DA%252CA%252CA%26room2%3DA%252CA%252CA%26sb_price_type%3Dtotal%26sr_order%3Dpopularity%26sr_pri_blocks%3D1533882301_424904225_0_0_0__344400%26srepoch%3D1765042016%26srpvid%3D00c57a98518902d2%26type%3Dtotal%26ucfs%3D1%26#group_recommendation


# ==================== VILLA I2MARI ====================

Villa I2Mari - Maximum capacity?,4
Villa I2Mari - Size (sqm)?,44
Villa I2Mari - Number of bedrooms?,2
Villa I2Mari - Number of bathrooms?,1
Villa I2Mari - Bed configuration?,1 double bed and 2 bunk beds + 1 sofa bed
Villa I2Mari - Airbnb description?,"Villa i 2 Mari: Bright and airy apartment thanks to windows facing both the sea and the garden. The garden with two pools is a perfect place to relax reading a book, let children play and enjoy the sea breeze in a natural landscape. The apartment offers two bedrooms, equipped kitchen, free private parking and wifi. From both the living room and bedrooms you can access the balconies, where you can enjoy an aperitif or breakfast with a view."
Villa I2Mari - Booking.com description?,"Villa Zefiro and Villa i 2 Mari is located in Marzamemi, 500 meters from Spiaggia del Cavettone and 17 km from Oasi Naturale di Vendicari. It offers air-conditioned accommodation with free WiFi, a seasonal outdoor pool and a garden. Private parking is available on-site. This holiday home features a balcony, sea view, seating area, flat-screen TV, kitchen with refrigerator and private bathroom with bidet and hairdryer. Amenities also include a microwave and coffee machine. As guests at Villa Zefiro and Villa i 2 Mari you will have a terrace at your disposal. Noto Cathedral is 24 km from this property. Comiso Airport is 76 km from the property."
Villa I2Mari - Guest rating?,
Villa I2Mari - License number?,CIN IT089014C2VJBUHPSU

Villa I2Mari - Equipped kitchen?,Yes
Villa I2Mari - Bedroom details?,
Villa I2Mari - Bathroom details?,
Villa I2Mari - Living room details?,
Villa I2Mari - Entertainment (TV)?,Yes

Villa I2Mari - Dishwasher?,No
Villa I2Mari - Washing machine?,Yes
Villa I2Mari - Dryer?,No
Villa I2Mari - Microwave?,Yes
Villa I2Mari - Stove type?,Electric
Villa I2Mari - Refrigerator?,Yes
Villa I2Mari - Coffee maker?,Moka pot

Villa I2Mari - Extra beds available?,No
Villa I2Mari - Accessibility features?,First floor
Villa I2Mari - Private outdoor space?,No
Villa I2Mari - View?,Sea and garden
Villa I2Mari - Special features?,
Villa I2Mari - Color theme/decoration?,

Villa I2Mari - Airbnb link?,https://www.airbnb.it/rooms/1561453392648145770?guests=1&adults=1&s=67&unique_share_id=8f5eab7b-e78e-429b-8c13-a2c9e8c5929a
Villa I2Mari - Booking.com link?,https://www.booking.com/hotel/it/villa-zefiro-marzamemi.html?ssne=Marzamemi&ssne_untouched=Marzamemi&highlighted_hotels=15338823&ss=Marzamemi&dest_id=-121241&dest_type=city&hp_avform=1&origin=hp&do_availability_check=1&label=marzamemi-iYieHmXmkgudokDqT3YEvgS379606522221%3Apl%3Ata%3Ap1%3Ap2%3Aac%3Aap%3Aneg%3Afi%3Atikwd-394175696631%3Alp9198750%3Ali%3Adec%3Adm%3Appccp%3DUmFuZG9tSVYkc2RlIyh9YZVcNNsENnH0Cye0voMfmCQ&sid=33537fce63a408fa48120d803952d708&aid=1610681&lang=it&sb=1&src_elem=sb&src=hotel&checkin=2026-06-05&checkout=2026-06-12&group_adults=6&no_rooms=2&group_children=0&chal_t=1770139508198&force_referer=https%3A%2F%2Fwww.booking.com%2Fhotel%2Fit%2Fvilla-zefiro-marzamemi.it.html%3Faid%3D1610681%26label%3Dmarzamemi-iYieHmXmkgudokDqT3YEvgS379606522221%253Apl%253Ata%253Ap1%253Ap2%253Aac%253Aap%253Aneg%253Afi%253Atikwd-394175696631%253Alp9198750%253Ali%253Adec%253Adm%253Appccp%253DUmFuZG9tSVYkc2RlIyh9YZVcNNsENnH0Cye0voMfmCQ%26sid%3D33537fce63a408fa48120d803952d708%26all_sr_blocks%3D1533882301_424904225_0_0_0%26checkin%3D2026-06-03%26checkout%3D2026-06-10%26dest_id%3D-121241%26dest_type%3Dcity%26dist%3D0%26group_adults%3D6%26group_children%3D0%26hapos%3D37%26highlighted_blocks%3D1533882301_424904225_0_0_0%26hpos%3D12%26matching_block_id%3D1533882301_424904225_0_0_0%26no_rooms%3D2%26req_adults%3D6%26req_children%3D0%26room1%3DA%252CA%252CA%26room2%3DA%252CA%252CA%26sb_price_type%3Dtotal%26sr_order%3Dpopularity%26sr_pri_blocks%3D1533882301_424904225_0_0_0__344400%26srepoch%3D1765042016%26srpvid%3D00c57a98518902d2%26type%3Dtotal%26ucfs%3D1%26#group_recommendation